{"data":{"allMdx":{"edges":[{"node":{"fields":{"slug":"/docskit","title":"DocsKit"},"internal":{"contentFilePath":"/Users/nemvalid/www/docskit-landing/src/docs/01-docskit.mdx"}}},{"node":{"fields":{"slug":"/resources","title":"Resources"},"internal":{"contentFilePath":"/Users/nemvalid/www/docskit-landing/src/docs/03-resources.mdx"}}},{"node":{"fields":{"slug":"/user-guide","title":"User Guide"},"internal":{"contentFilePath":"/Users/nemvalid/www/docskit-landing/src/docs/02-user-guide.mdx"}}},{"node":{"fields":{"slug":"/pricing","title":"Pricing"},"internal":{"contentFilePath":"/Users/nemvalid/www/docskit-landing/src/docs/04-pricing.mdx"}}},{"node":{"fields":{"slug":"/contact","title":"Contact us"},"internal":{"contentFilePath":"/Users/nemvalid/www/docskit-landing/src/docs/05-contact.mdx"}}},{"node":{"fields":{"slug":"/","title":"Home"},"internal":{"contentFilePath":"/Users/nemvalid/www/docskit-landing/src/docs/index.mdx"}}},{"node":{"fields":{"slug":"/resources/templates","title":"Templates"},"internal":{"contentFilePath":"/Users/nemvalid/www/docskit-landing/src/docs/03-resources/02-templates.mdx"}}},{"node":{"fields":{"slug":"/resources/templates/task-topic","title":"Task Topic"},"internal":{"contentFilePath":"/Users/nemvalid/www/docskit-landing/src/docs/03-resources/02-templates/03-task-topic.mdx"}}},{"node":{"fields":{"slug":"/resources/templates/concept-topic","title":"Concept Topic"},"internal":{"contentFilePath":"/Users/nemvalid/www/docskit-landing/src/docs/03-resources/02-templates/04-concept-topic.mdx"}}},{"node":{"fields":{"slug":"/resources/templates/reference-topic","title":"Reference Topic"},"internal":{"contentFilePath":"/Users/nemvalid/www/docskit-landing/src/docs/03-resources/02-templates/05-reference-topic.mdx"}}},{"node":{"fields":{"slug":"/user-guide/markdown","title":"Markdown and MDX"},"internal":{"contentFilePath":"/Users/nemvalid/www/docskit-landing/src/docs/02-user-guide/01-markdown.mdx"}}},{"node":{"fields":{"slug":"/resources/templates/release-note","title":"Release Note"},"internal":{"contentFilePath":"/Users/nemvalid/www/docskit-landing/src/docs/03-resources/02-templates/06-release-note.mdx"}}},{"node":{"fields":{"slug":"/user-guide/components","title":"Custom components"},"internal":{"contentFilePath":"/Users/nemvalid/www/docskit-landing/src/docs/02-user-guide/02-custom-components.mdx"}}},{"node":{"fields":{"slug":"/user-guide/theming","title":"Theming and Customization"},"internal":{"contentFilePath":"/Users/nemvalid/www/docskit-landing/src/docs/02-user-guide/04-theming.mdx"}}},{"node":{"fields":{"slug":"/user-guide/navigation","title":"Navigation"},"internal":{"contentFilePath":"/Users/nemvalid/www/docskit-landing/src/docs/02-user-guide/03-navigation.mdx"}}},{"node":{"fields":{"slug":"/docskit/editorial-workflow","title":"Editorial Workflow"},"internal":{"contentFilePath":"/Users/nemvalid/www/docskit-landing/src/docs/01-docskit/02-editorial-workflow.mdx"}}},{"node":{"fields":{"slug":"/docskit/contribution","title":"Contribution"},"internal":{"contentFilePath":"/Users/nemvalid/www/docskit-landing/src/docs/01-docskit/03-contribution.mdx"}}},{"node":{"fields":{"slug":"/docskit/features","title":"Features"},"internal":{"contentFilePath":"/Users/nemvalid/www/docskit-landing/src/docs/01-docskit/01-features.mdx"}}},{"node":{"fields":{"slug":"/docskit/performance","title":"Performance"},"internal":{"contentFilePath":"/Users/nemvalid/www/docskit-landing/src/docs/01-docskit/05-performance.mdx"}}},{"node":{"fields":{"slug":"/docskit/issue-management","title":"Issue Management"},"internal":{"contentFilePath":"/Users/nemvalid/www/docskit-landing/src/docs/01-docskit/04-issue-management.mdx"}}},{"node":{"fields":{"slug":"/docskit/sustainability","title":"Sustainability"},"internal":{"contentFilePath":"/Users/nemvalid/www/docskit-landing/src/docs/01-docskit/07-sustainability.mdx"}}},{"node":{"fields":{"slug":"/docskit/accessibility","title":"Accessibility"},"internal":{"contentFilePath":"/Users/nemvalid/www/docskit-landing/src/docs/01-docskit/06-accessibility.mdx"}}},{"node":{"fields":{"slug":"/docskit/seo","title":"Search Engine Optimization"},"internal":{"contentFilePath":"/Users/nemvalid/www/docskit-landing/src/docs/01-docskit/08-seo.mdx"}}}]}}}