{"name":"build-javascript","namedChunkGroups":{"app":{"name":"app","assets":[{"name":"webpack-runtime-5e6c57d210e22ae1d865.js","size":8033},{"name":"styles.4d4a525f0f6be0e64967.css","size":51144},{"name":"framework-acb4f3a8f05e869df686.js","size":140712},{"name":"app-73267fd4debe91f1e023.js","size":76340}],"filteredAssets":0,"assetsSize":276229,"filteredAuxiliaryAssets":0,"auxiliaryAssetsSize":0},"component---node-modules-platformos-gatsby-theme-platformos-docskit-src-pages-404-js":{"name":"component---node-modules-platformos-gatsby-theme-platformos-docskit-src-pages-404-js","assets":[{"name":"styles.4d4a525f0f6be0e64967.css","size":51144},{"name":"commons-b55fe99e22626d8f7d1a.js","size":19114},{"name":"component---node-modules-platformos-gatsby-theme-platformos-docskit-src-pages-404-js-06a9c5ecd8bf87211dad.js","size":515}],"filteredAssets":0,"assetsSize":70773,"filteredAuxiliaryAssets":0,"auxiliaryAssetsSize":0},"component---node-modules-platformos-gatsby-theme-platformos-docskit-src-templates-docs-js-content-file-path-docs-01-docskit-01-features-mdx":{"name":"component---node-modules-platformos-gatsby-theme-platformos-docskit-src-templates-docs-js-content-file-path-docs-01-docskit-01-features-mdx","assets":[{"name":"styles.4d4a525f0f6be0e64967.css","size":51144},{"name":"commons-b55fe99e22626d8f7d1a.js","size":19114},{"name":"14c63505582dfa362a5540ff7404acb294e433af-63501a3a09f3971710ef.js","size":20160},{"name":"63dd015b4250c38b339ae2262960845bc5c0686c-31653322a00de97fdcef.js","size":42352},{"name":"component---node-modules-platformos-gatsby-theme-platformos-docskit-src-templates-docs-js-content-file-path-docs-01-docskit-01-features-mdx-7b6726b8e1dd3638d9dd.js","size":6056}],"filteredAssets":0,"assetsSize":138826,"filteredAuxiliaryAssets":0,"auxiliaryAssetsSize":0},"component---node-modules-platformos-gatsby-theme-platformos-docskit-src-templates-docs-js-content-file-path-docs-01-docskit-02-editorial-workflow-mdx":{"name":"component---node-modules-platformos-gatsby-theme-platformos-docskit-src-templates-docs-js-content-file-path-docs-01-docskit-02-editorial-workflow-mdx","assets":[{"name":"styles.4d4a525f0f6be0e64967.css","size":51144},{"name":"commons-b55fe99e22626d8f7d1a.js","size":19114},{"name":"14c63505582dfa362a5540ff7404acb294e433af-63501a3a09f3971710ef.js","size":20160},{"name":"63dd015b4250c38b339ae2262960845bc5c0686c-31653322a00de97fdcef.js","size":42352},{"name":"component---node-modules-platformos-gatsby-theme-platformos-docskit-src-templates-docs-js-content-file-path-docs-01-docskit-02-editorial-workflow-mdx-e1ec962baa783052da73.js","size":7145}],"filteredAssets":0,"assetsSize":139915,"filteredAuxiliaryAssets":0,"auxiliaryAssetsSize":0},"component---node-modules-platformos-gatsby-theme-platformos-docskit-src-templates-docs-js-content-file-path-docs-01-docskit-03-contribution-mdx":{"name":"component---node-modules-platformos-gatsby-theme-platformos-docskit-src-templates-docs-js-content-file-path-docs-01-docskit-03-contribution-mdx","assets":[{"name":"styles.4d4a525f0f6be0e64967.css","size":51144},{"name":"commons-b55fe99e22626d8f7d1a.js","size":19114},{"name":"14c63505582dfa362a5540ff7404acb294e433af-63501a3a09f3971710ef.js","size":20160},{"name":"63dd015b4250c38b339ae2262960845bc5c0686c-31653322a00de97fdcef.js","size":42352},{"name":"component---node-modules-platformos-gatsby-theme-platformos-docskit-src-templates-docs-js-content-file-path-docs-01-docskit-03-contribution-mdx-6bf59ca032771907e7cd.js","size":6349}],"filteredAssets":0,"assetsSize":139119,"filteredAuxiliaryAssets":0,"auxiliaryAssetsSize":0},"component---node-modules-platformos-gatsby-theme-platformos-docskit-src-templates-docs-js-content-file-path-docs-01-docskit-04-issue-management-mdx":{"name":"component---node-modules-platformos-gatsby-theme-platformos-docskit-src-templates-docs-js-content-file-path-docs-01-docskit-04-issue-management-mdx","assets":[{"name":"styles.4d4a525f0f6be0e64967.css","size":51144},{"name":"commons-b55fe99e22626d8f7d1a.js","size":19114},{"name":"14c63505582dfa362a5540ff7404acb294e433af-63501a3a09f3971710ef.js","size":20160},{"name":"63dd015b4250c38b339ae2262960845bc5c0686c-31653322a00de97fdcef.js","size":42352},{"name":"component---node-modules-platformos-gatsby-theme-platformos-docskit-src-templates-docs-js-content-file-path-docs-01-docskit-04-issue-management-mdx-c690deb871816dfeeb22.js","size":6127}],"filteredAssets":0,"assetsSize":138897,"filteredAuxiliaryAssets":0,"auxiliaryAssetsSize":0},"component---node-modules-platformos-gatsby-theme-platformos-docskit-src-templates-docs-js-content-file-path-docs-01-docskit-05-performance-mdx":{"name":"component---node-modules-platformos-gatsby-theme-platformos-docskit-src-templates-docs-js-content-file-path-docs-01-docskit-05-performance-mdx","assets":[{"name":"styles.4d4a525f0f6be0e64967.css","size":51144},{"name":"commons-b55fe99e22626d8f7d1a.js","size":19114},{"name":"14c63505582dfa362a5540ff7404acb294e433af-63501a3a09f3971710ef.js","size":20160},{"name":"63dd015b4250c38b339ae2262960845bc5c0686c-31653322a00de97fdcef.js","size":42352},{"name":"component---node-modules-platformos-gatsby-theme-platformos-docskit-src-templates-docs-js-content-file-path-docs-01-docskit-05-performance-mdx-02edd53a9084b1dd8c9d.js","size":5877}],"filteredAssets":0,"assetsSize":138647,"filteredAuxiliaryAssets":0,"auxiliaryAssetsSize":0},"component---node-modules-platformos-gatsby-theme-platformos-docskit-src-templates-docs-js-content-file-path-docs-01-docskit-06-accessibility-mdx":{"name":"component---node-modules-platformos-gatsby-theme-platformos-docskit-src-templates-docs-js-content-file-path-docs-01-docskit-06-accessibility-mdx","assets":[{"name":"styles.4d4a525f0f6be0e64967.css","size":51144},{"name":"commons-b55fe99e22626d8f7d1a.js","size":19114},{"name":"14c63505582dfa362a5540ff7404acb294e433af-63501a3a09f3971710ef.js","size":20160},{"name":"63dd015b4250c38b339ae2262960845bc5c0686c-31653322a00de97fdcef.js","size":42352},{"name":"component---node-modules-platformos-gatsby-theme-platformos-docskit-src-templates-docs-js-content-file-path-docs-01-docskit-06-accessibility-mdx-25caf16510b95f4c771c.js","size":6769}],"filteredAssets":0,"assetsSize":139539,"filteredAuxiliaryAssets":0,"auxiliaryAssetsSize":0},"component---node-modules-platformos-gatsby-theme-platformos-docskit-src-templates-docs-js-content-file-path-docs-01-docskit-07-sustainability-mdx":{"name":"component---node-modules-platformos-gatsby-theme-platformos-docskit-src-templates-docs-js-content-file-path-docs-01-docskit-07-sustainability-mdx","assets":[{"name":"styles.4d4a525f0f6be0e64967.css","size":51144},{"name":"commons-b55fe99e22626d8f7d1a.js","size":19114},{"name":"14c63505582dfa362a5540ff7404acb294e433af-63501a3a09f3971710ef.js","size":20160},{"name":"63dd015b4250c38b339ae2262960845bc5c0686c-31653322a00de97fdcef.js","size":42352},{"name":"component---node-modules-platformos-gatsby-theme-platformos-docskit-src-templates-docs-js-content-file-path-docs-01-docskit-07-sustainability-mdx-44289daecb10795c2222.js","size":6737}],"filteredAssets":0,"assetsSize":139507,"filteredAuxiliaryAssets":0,"auxiliaryAssetsSize":0},"component---node-modules-platformos-gatsby-theme-platformos-docskit-src-templates-docs-js-content-file-path-docs-01-docskit-08-seo-mdx":{"name":"component---node-modules-platformos-gatsby-theme-platformos-docskit-src-templates-docs-js-content-file-path-docs-01-docskit-08-seo-mdx","assets":[{"name":"styles.4d4a525f0f6be0e64967.css","size":51144},{"name":"commons-b55fe99e22626d8f7d1a.js","size":19114},{"name":"14c63505582dfa362a5540ff7404acb294e433af-63501a3a09f3971710ef.js","size":20160},{"name":"63dd015b4250c38b339ae2262960845bc5c0686c-31653322a00de97fdcef.js","size":42352},{"name":"component---node-modules-platformos-gatsby-theme-platformos-docskit-src-templates-docs-js-content-file-path-docs-01-docskit-08-seo-mdx-e5d19ad20d4f65a56801.js","size":11645}],"filteredAssets":0,"assetsSize":144415,"filteredAuxiliaryAssets":0,"auxiliaryAssetsSize":0},"component---node-modules-platformos-gatsby-theme-platformos-docskit-src-templates-docs-js-content-file-path-docs-01-docskit-mdx":{"name":"component---node-modules-platformos-gatsby-theme-platformos-docskit-src-templates-docs-js-content-file-path-docs-01-docskit-mdx","assets":[{"name":"styles.4d4a525f0f6be0e64967.css","size":51144},{"name":"commons-b55fe99e22626d8f7d1a.js","size":19114},{"name":"14c63505582dfa362a5540ff7404acb294e433af-63501a3a09f3971710ef.js","size":20160},{"name":"63dd015b4250c38b339ae2262960845bc5c0686c-31653322a00de97fdcef.js","size":42352},{"name":"component---node-modules-platformos-gatsby-theme-platformos-docskit-src-templates-docs-js-content-file-path-docs-01-docskit-mdx-720f5262ee9cde96ed03.js","size":12174}],"filteredAssets":0,"assetsSize":144944,"filteredAuxiliaryAssets":0,"auxiliaryAssetsSize":0},"component---node-modules-platformos-gatsby-theme-platformos-docskit-src-templates-docs-js-content-file-path-docs-02-user-guide-01-markdown-mdx":{"name":"component---node-modules-platformos-gatsby-theme-platformos-docskit-src-templates-docs-js-content-file-path-docs-02-user-guide-01-markdown-mdx","assets":[{"name":"styles.4d4a525f0f6be0e64967.css","size":51144},{"name":"commons-b55fe99e22626d8f7d1a.js","size":19114},{"name":"14c63505582dfa362a5540ff7404acb294e433af-63501a3a09f3971710ef.js","size":20160},{"name":"63dd015b4250c38b339ae2262960845bc5c0686c-31653322a00de97fdcef.js","size":42352},{"name":"component---node-modules-platformos-gatsby-theme-platformos-docskit-src-templates-docs-js-content-file-path-docs-02-user-guide-01-markdown-mdx-4e02c7dc52e2687ce878.js","size":3985}],"filteredAssets":0,"assetsSize":136755,"filteredAuxiliaryAssets":0,"auxiliaryAssetsSize":0},"component---node-modules-platformos-gatsby-theme-platformos-docskit-src-templates-docs-js-content-file-path-docs-02-user-guide-02-custom-components-mdx":{"name":"component---node-modules-platformos-gatsby-theme-platformos-docskit-src-templates-docs-js-content-file-path-docs-02-user-guide-02-custom-components-mdx","assets":[{"name":"styles.4d4a525f0f6be0e64967.css","size":51144},{"name":"commons-b55fe99e22626d8f7d1a.js","size":19114},{"name":"14c63505582dfa362a5540ff7404acb294e433af-63501a3a09f3971710ef.js","size":20160},{"name":"63dd015b4250c38b339ae2262960845bc5c0686c-31653322a00de97fdcef.js","size":42352},{"name":"component---node-modules-platformos-gatsby-theme-platformos-docskit-src-templates-docs-js-content-file-path-docs-02-user-guide-02-custom-components-mdx-de8387765722703e8e03.js","size":21729}],"filteredAssets":0,"assetsSize":154499,"filteredAuxiliaryAssets":1,"auxiliaryAssetsSize":10958},"component---node-modules-platformos-gatsby-theme-platformos-docskit-src-templates-docs-js-content-file-path-docs-02-user-guide-03-navigation-mdx":{"name":"component---node-modules-platformos-gatsby-theme-platformos-docskit-src-templates-docs-js-content-file-path-docs-02-user-guide-03-navigation-mdx","assets":[{"name":"styles.4d4a525f0f6be0e64967.css","size":51144},{"name":"commons-b55fe99e22626d8f7d1a.js","size":19114},{"name":"14c63505582dfa362a5540ff7404acb294e433af-63501a3a09f3971710ef.js","size":20160},{"name":"63dd015b4250c38b339ae2262960845bc5c0686c-31653322a00de97fdcef.js","size":42352},{"name":"component---node-modules-platformos-gatsby-theme-platformos-docskit-src-templates-docs-js-content-file-path-docs-02-user-guide-03-navigation-mdx-efffd66887320b1479ef.js","size":9655}],"filteredAssets":0,"assetsSize":142425,"filteredAuxiliaryAssets":0,"auxiliaryAssetsSize":0},"component---node-modules-platformos-gatsby-theme-platformos-docskit-src-templates-docs-js-content-file-path-docs-02-user-guide-04-theming-mdx":{"name":"component---node-modules-platformos-gatsby-theme-platformos-docskit-src-templates-docs-js-content-file-path-docs-02-user-guide-04-theming-mdx","assets":[{"name":"styles.4d4a525f0f6be0e64967.css","size":51144},{"name":"commons-b55fe99e22626d8f7d1a.js","size":19114},{"name":"14c63505582dfa362a5540ff7404acb294e433af-63501a3a09f3971710ef.js","size":20160},{"name":"63dd015b4250c38b339ae2262960845bc5c0686c-31653322a00de97fdcef.js","size":42352},{"name":"component---node-modules-platformos-gatsby-theme-platformos-docskit-src-templates-docs-js-content-file-path-docs-02-user-guide-04-theming-mdx-d35c0a2ec1b316133c26.js","size":12855}],"filteredAssets":0,"assetsSize":145625,"filteredAuxiliaryAssets":0,"auxiliaryAssetsSize":0},"component---node-modules-platformos-gatsby-theme-platformos-docskit-src-templates-docs-js-content-file-path-docs-02-user-guide-mdx":{"name":"component---node-modules-platformos-gatsby-theme-platformos-docskit-src-templates-docs-js-content-file-path-docs-02-user-guide-mdx","assets":[{"name":"styles.4d4a525f0f6be0e64967.css","size":51144},{"name":"commons-b55fe99e22626d8f7d1a.js","size":19114},{"name":"14c63505582dfa362a5540ff7404acb294e433af-63501a3a09f3971710ef.js","size":20160},{"name":"63dd015b4250c38b339ae2262960845bc5c0686c-31653322a00de97fdcef.js","size":42352},{"name":"component---node-modules-platformos-gatsby-theme-platformos-docskit-src-templates-docs-js-content-file-path-docs-02-user-guide-mdx-5abcd9445874010b10b0.js","size":3598}],"filteredAssets":0,"assetsSize":136368,"filteredAuxiliaryAssets":0,"auxiliaryAssetsSize":0},"component---node-modules-platformos-gatsby-theme-platformos-docskit-src-templates-docs-js-content-file-path-docs-03-resources-02-templates-03-task-topic-mdx":{"name":"component---node-modules-platformos-gatsby-theme-platformos-docskit-src-templates-docs-js-content-file-path-docs-03-resources-02-templates-03-task-topic-mdx","assets":[{"name":"styles.4d4a525f0f6be0e64967.css","size":51144},{"name":"commons-b55fe99e22626d8f7d1a.js","size":19114},{"name":"14c63505582dfa362a5540ff7404acb294e433af-63501a3a09f3971710ef.js","size":20160},{"name":"63dd015b4250c38b339ae2262960845bc5c0686c-31653322a00de97fdcef.js","size":42352},{"name":"component---node-modules-platformos-gatsby-theme-platformos-docskit-src-templates-docs-js-content-file-path-docs-03-resources-02-templates-03-task-topic-mdx-0f0fa0206c07d114093c.js","size":4005}],"filteredAssets":0,"assetsSize":136775,"filteredAuxiliaryAssets":0,"auxiliaryAssetsSize":0},"component---node-modules-platformos-gatsby-theme-platformos-docskit-src-templates-docs-js-content-file-path-docs-03-resources-02-templates-04-concept-topic-mdx":{"name":"component---node-modules-platformos-gatsby-theme-platformos-docskit-src-templates-docs-js-content-file-path-docs-03-resources-02-templates-04-concept-topic-mdx","assets":[{"name":"styles.4d4a525f0f6be0e64967.css","size":51144},{"name":"commons-b55fe99e22626d8f7d1a.js","size":19114},{"name":"14c63505582dfa362a5540ff7404acb294e433af-63501a3a09f3971710ef.js","size":20160},{"name":"63dd015b4250c38b339ae2262960845bc5c0686c-31653322a00de97fdcef.js","size":42352},{"name":"component---node-modules-platformos-gatsby-theme-platformos-docskit-src-templates-docs-js-content-file-path-docs-03-resources-02-templates-04-concept-topic-mdx-a11a22149270cb53c16c.js","size":3642}],"filteredAssets":0,"assetsSize":136412,"filteredAuxiliaryAssets":0,"auxiliaryAssetsSize":0},"component---node-modules-platformos-gatsby-theme-platformos-docskit-src-templates-docs-js-content-file-path-docs-03-resources-02-templates-05-reference-topic-mdx":{"name":"component---node-modules-platformos-gatsby-theme-platformos-docskit-src-templates-docs-js-content-file-path-docs-03-resources-02-templates-05-reference-topic-mdx","assets":[{"name":"styles.4d4a525f0f6be0e64967.css","size":51144},{"name":"commons-b55fe99e22626d8f7d1a.js","size":19114},{"name":"14c63505582dfa362a5540ff7404acb294e433af-63501a3a09f3971710ef.js","size":20160},{"name":"63dd015b4250c38b339ae2262960845bc5c0686c-31653322a00de97fdcef.js","size":42352},{"name":"component---node-modules-platformos-gatsby-theme-platformos-docskit-src-templates-docs-js-content-file-path-docs-03-resources-02-templates-05-reference-topic-mdx-fcd0001ebd1306e4548a.js","size":2962}],"filteredAssets":0,"assetsSize":135732,"filteredAuxiliaryAssets":0,"auxiliaryAssetsSize":0},"component---node-modules-platformos-gatsby-theme-platformos-docskit-src-templates-docs-js-content-file-path-docs-03-resources-02-templates-06-release-note-mdx":{"name":"component---node-modules-platformos-gatsby-theme-platformos-docskit-src-templates-docs-js-content-file-path-docs-03-resources-02-templates-06-release-note-mdx","assets":[{"name":"styles.4d4a525f0f6be0e64967.css","size":51144},{"name":"commons-b55fe99e22626d8f7d1a.js","size":19114},{"name":"14c63505582dfa362a5540ff7404acb294e433af-63501a3a09f3971710ef.js","size":20160},{"name":"63dd015b4250c38b339ae2262960845bc5c0686c-31653322a00de97fdcef.js","size":42352},{"name":"component---node-modules-platformos-gatsby-theme-platformos-docskit-src-templates-docs-js-content-file-path-docs-03-resources-02-templates-06-release-note-mdx-90160cae68695b6efc8f.js","size":3844}],"filteredAssets":0,"assetsSize":136614,"filteredAuxiliaryAssets":0,"auxiliaryAssetsSize":0},"component---node-modules-platformos-gatsby-theme-platformos-docskit-src-templates-docs-js-content-file-path-docs-03-resources-02-templates-mdx":{"name":"component---node-modules-platformos-gatsby-theme-platformos-docskit-src-templates-docs-js-content-file-path-docs-03-resources-02-templates-mdx","assets":[{"name":"styles.4d4a525f0f6be0e64967.css","size":51144},{"name":"commons-b55fe99e22626d8f7d1a.js","size":19114},{"name":"14c63505582dfa362a5540ff7404acb294e433af-63501a3a09f3971710ef.js","size":20160},{"name":"63dd015b4250c38b339ae2262960845bc5c0686c-31653322a00de97fdcef.js","size":42352},{"name":"component---node-modules-platformos-gatsby-theme-platformos-docskit-src-templates-docs-js-content-file-path-docs-03-resources-02-templates-mdx-6b4e2955fec5935c2f75.js","size":3337}],"filteredAssets":0,"assetsSize":136107,"filteredAuxiliaryAssets":0,"auxiliaryAssetsSize":0},"component---node-modules-platformos-gatsby-theme-platformos-docskit-src-templates-docs-js-content-file-path-docs-03-resources-mdx":{"name":"component---node-modules-platformos-gatsby-theme-platformos-docskit-src-templates-docs-js-content-file-path-docs-03-resources-mdx","assets":[{"name":"styles.4d4a525f0f6be0e64967.css","size":51144},{"name":"commons-b55fe99e22626d8f7d1a.js","size":19114},{"name":"14c63505582dfa362a5540ff7404acb294e433af-63501a3a09f3971710ef.js","size":20160},{"name":"63dd015b4250c38b339ae2262960845bc5c0686c-31653322a00de97fdcef.js","size":42352},{"name":"component---node-modules-platformos-gatsby-theme-platformos-docskit-src-templates-docs-js-content-file-path-docs-03-resources-mdx-49dca49ab4d7f21ef463.js","size":3099}],"filteredAssets":0,"assetsSize":135869,"filteredAuxiliaryAssets":0,"auxiliaryAssetsSize":0},"component---node-modules-platformos-gatsby-theme-platformos-docskit-src-templates-docs-js-content-file-path-docs-04-pricing-mdx":{"name":"component---node-modules-platformos-gatsby-theme-platformos-docskit-src-templates-docs-js-content-file-path-docs-04-pricing-mdx","assets":[{"name":"styles.4d4a525f0f6be0e64967.css","size":51144},{"name":"commons-b55fe99e22626d8f7d1a.js","size":19114},{"name":"14c63505582dfa362a5540ff7404acb294e433af-63501a3a09f3971710ef.js","size":20160},{"name":"63dd015b4250c38b339ae2262960845bc5c0686c-31653322a00de97fdcef.js","size":42352},{"name":"component---node-modules-platformos-gatsby-theme-platformos-docskit-src-templates-docs-js-content-file-path-docs-04-pricing-mdx-63ee508bf01aa25f4492.js","size":17589}],"filteredAssets":0,"assetsSize":150359,"filteredAuxiliaryAssets":0,"auxiliaryAssetsSize":0},"component---node-modules-platformos-gatsby-theme-platformos-docskit-src-templates-docs-js-content-file-path-docs-05-contact-mdx":{"name":"component---node-modules-platformos-gatsby-theme-platformos-docskit-src-templates-docs-js-content-file-path-docs-05-contact-mdx","assets":[{"name":"styles.4d4a525f0f6be0e64967.css","size":51144},{"name":"commons-b55fe99e22626d8f7d1a.js","size":19114},{"name":"14c63505582dfa362a5540ff7404acb294e433af-63501a3a09f3971710ef.js","size":20160},{"name":"63dd015b4250c38b339ae2262960845bc5c0686c-31653322a00de97fdcef.js","size":42352},{"name":"component---node-modules-platformos-gatsby-theme-platformos-docskit-src-templates-docs-js-content-file-path-docs-05-contact-mdx-28c0c53579392bb97a39.js","size":5478}],"filteredAssets":0,"assetsSize":138248,"filteredAuxiliaryAssets":0,"auxiliaryAssetsSize":0},"component---node-modules-platformos-gatsby-theme-platformos-docskit-src-templates-docs-js-content-file-path-docs-index-mdx":{"name":"component---node-modules-platformos-gatsby-theme-platformos-docskit-src-templates-docs-js-content-file-path-docs-index-mdx","assets":[{"name":"styles.4d4a525f0f6be0e64967.css","size":51144},{"name":"commons-b55fe99e22626d8f7d1a.js","size":19114},{"name":"14c63505582dfa362a5540ff7404acb294e433af-63501a3a09f3971710ef.js","size":20160},{"name":"63dd015b4250c38b339ae2262960845bc5c0686c-31653322a00de97fdcef.js","size":42352},{"name":"component---node-modules-platformos-gatsby-theme-platformos-docskit-src-templates-docs-js-content-file-path-docs-index-mdx-686b3223e60296e7ba4f.js","size":28304}],"filteredAssets":0,"assetsSize":161074,"filteredAuxiliaryAssets":2,"auxiliaryAssetsSize":31732},"component---src-pages-license-js":{"name":"component---src-pages-license-js","assets":[{"name":"styles.4d4a525f0f6be0e64967.css","size":51144},{"name":"commons-b55fe99e22626d8f7d1a.js","size":19114},{"name":"14c63505582dfa362a5540ff7404acb294e433af-63501a3a09f3971710ef.js","size":20160},{"name":"component---src-pages-license-js-2e7381cb0b4e5a387bfa.js","size":4633}],"filteredAssets":0,"assetsSize":95051,"filteredAuxiliaryAssets":0,"auxiliaryAssetsSize":0},"component---src-pages-search-js":{"name":"component---src-pages-search-js","assets":[{"name":"styles.4d4a525f0f6be0e64967.css","size":51144},{"name":"commons-b55fe99e22626d8f7d1a.js","size":19114},{"name":"14c63505582dfa362a5540ff7404acb294e433af-63501a3a09f3971710ef.js","size":20160},{"name":"component---src-pages-search-js-18320bf6f21fa501ec7d.js","size":26250}],"filteredAssets":0,"assetsSize":116668,"filteredAuxiliaryAssets":0,"auxiliaryAssetsSize":0}},"assetsByChunkName":{"app":["webpack-runtime-5e6c57d210e22ae1d865.js","styles.4d4a525f0f6be0e64967.css","framework-acb4f3a8f05e869df686.js","app-73267fd4debe91f1e023.js"],"component---node-modules-platformos-gatsby-theme-platformos-docskit-src-pages-404-js":["styles.4d4a525f0f6be0e64967.css","commons-b55fe99e22626d8f7d1a.js","component---node-modules-platformos-gatsby-theme-platformos-docskit-src-pages-404-js-06a9c5ecd8bf87211dad.js"],"component---node-modules-platformos-gatsby-theme-platformos-docskit-src-templates-docs-js-content-file-path-docs-01-docskit-01-features-mdx":["styles.4d4a525f0f6be0e64967.css","commons-b55fe99e22626d8f7d1a.js","14c63505582dfa362a5540ff7404acb294e433af-63501a3a09f3971710ef.js","63dd015b4250c38b339ae2262960845bc5c0686c-31653322a00de97fdcef.js","component---node-modules-platformos-gatsby-theme-platformos-docskit-src-templates-docs-js-content-file-path-docs-01-docskit-01-features-mdx-7b6726b8e1dd3638d9dd.js"],"component---node-modules-platformos-gatsby-theme-platformos-docskit-src-templates-docs-js-content-file-path-docs-01-docskit-02-editorial-workflow-mdx":["styles.4d4a525f0f6be0e64967.css","commons-b55fe99e22626d8f7d1a.js","14c63505582dfa362a5540ff7404acb294e433af-63501a3a09f3971710ef.js","63dd015b4250c38b339ae2262960845bc5c0686c-31653322a00de97fdcef.js","component---node-modules-platformos-gatsby-theme-platformos-docskit-src-templates-docs-js-content-file-path-docs-01-docskit-02-editorial-workflow-mdx-e1ec962baa783052da73.js"],"component---node-modules-platformos-gatsby-theme-platformos-docskit-src-templates-docs-js-content-file-path-docs-01-docskit-03-contribution-mdx":["styles.4d4a525f0f6be0e64967.css","commons-b55fe99e22626d8f7d1a.js","14c63505582dfa362a5540ff7404acb294e433af-63501a3a09f3971710ef.js","63dd015b4250c38b339ae2262960845bc5c0686c-31653322a00de97fdcef.js","component---node-modules-platformos-gatsby-theme-platformos-docskit-src-templates-docs-js-content-file-path-docs-01-docskit-03-contribution-mdx-6bf59ca032771907e7cd.js"],"component---node-modules-platformos-gatsby-theme-platformos-docskit-src-templates-docs-js-content-file-path-docs-01-docskit-04-issue-management-mdx":["styles.4d4a525f0f6be0e64967.css","commons-b55fe99e22626d8f7d1a.js","14c63505582dfa362a5540ff7404acb294e433af-63501a3a09f3971710ef.js","63dd015b4250c38b339ae2262960845bc5c0686c-31653322a00de97fdcef.js","component---node-modules-platformos-gatsby-theme-platformos-docskit-src-templates-docs-js-content-file-path-docs-01-docskit-04-issue-management-mdx-c690deb871816dfeeb22.js"],"component---node-modules-platformos-gatsby-theme-platformos-docskit-src-templates-docs-js-content-file-path-docs-01-docskit-05-performance-mdx":["styles.4d4a525f0f6be0e64967.css","commons-b55fe99e22626d8f7d1a.js","14c63505582dfa362a5540ff7404acb294e433af-63501a3a09f3971710ef.js","63dd015b4250c38b339ae2262960845bc5c0686c-31653322a00de97fdcef.js","component---node-modules-platformos-gatsby-theme-platformos-docskit-src-templates-docs-js-content-file-path-docs-01-docskit-05-performance-mdx-02edd53a9084b1dd8c9d.js"],"component---node-modules-platformos-gatsby-theme-platformos-docskit-src-templates-docs-js-content-file-path-docs-01-docskit-06-accessibility-mdx":["styles.4d4a525f0f6be0e64967.css","commons-b55fe99e22626d8f7d1a.js","14c63505582dfa362a5540ff7404acb294e433af-63501a3a09f3971710ef.js","63dd015b4250c38b339ae2262960845bc5c0686c-31653322a00de97fdcef.js","component---node-modules-platformos-gatsby-theme-platformos-docskit-src-templates-docs-js-content-file-path-docs-01-docskit-06-accessibility-mdx-25caf16510b95f4c771c.js"],"component---node-modules-platformos-gatsby-theme-platformos-docskit-src-templates-docs-js-content-file-path-docs-01-docskit-07-sustainability-mdx":["styles.4d4a525f0f6be0e64967.css","commons-b55fe99e22626d8f7d1a.js","14c63505582dfa362a5540ff7404acb294e433af-63501a3a09f3971710ef.js","63dd015b4250c38b339ae2262960845bc5c0686c-31653322a00de97fdcef.js","component---node-modules-platformos-gatsby-theme-platformos-docskit-src-templates-docs-js-content-file-path-docs-01-docskit-07-sustainability-mdx-44289daecb10795c2222.js"],"component---node-modules-platformos-gatsby-theme-platformos-docskit-src-templates-docs-js-content-file-path-docs-01-docskit-08-seo-mdx":["styles.4d4a525f0f6be0e64967.css","commons-b55fe99e22626d8f7d1a.js","14c63505582dfa362a5540ff7404acb294e433af-63501a3a09f3971710ef.js","63dd015b4250c38b339ae2262960845bc5c0686c-31653322a00de97fdcef.js","component---node-modules-platformos-gatsby-theme-platformos-docskit-src-templates-docs-js-content-file-path-docs-01-docskit-08-seo-mdx-e5d19ad20d4f65a56801.js"],"component---node-modules-platformos-gatsby-theme-platformos-docskit-src-templates-docs-js-content-file-path-docs-01-docskit-mdx":["styles.4d4a525f0f6be0e64967.css","commons-b55fe99e22626d8f7d1a.js","14c63505582dfa362a5540ff7404acb294e433af-63501a3a09f3971710ef.js","63dd015b4250c38b339ae2262960845bc5c0686c-31653322a00de97fdcef.js","component---node-modules-platformos-gatsby-theme-platformos-docskit-src-templates-docs-js-content-file-path-docs-01-docskit-mdx-720f5262ee9cde96ed03.js"],"component---node-modules-platformos-gatsby-theme-platformos-docskit-src-templates-docs-js-content-file-path-docs-02-user-guide-01-markdown-mdx":["styles.4d4a525f0f6be0e64967.css","commons-b55fe99e22626d8f7d1a.js","14c63505582dfa362a5540ff7404acb294e433af-63501a3a09f3971710ef.js","63dd015b4250c38b339ae2262960845bc5c0686c-31653322a00de97fdcef.js","component---node-modules-platformos-gatsby-theme-platformos-docskit-src-templates-docs-js-content-file-path-docs-02-user-guide-01-markdown-mdx-4e02c7dc52e2687ce878.js"],"component---node-modules-platformos-gatsby-theme-platformos-docskit-src-templates-docs-js-content-file-path-docs-02-user-guide-02-custom-components-mdx":["styles.4d4a525f0f6be0e64967.css","commons-b55fe99e22626d8f7d1a.js","14c63505582dfa362a5540ff7404acb294e433af-63501a3a09f3971710ef.js","63dd015b4250c38b339ae2262960845bc5c0686c-31653322a00de97fdcef.js","component---node-modules-platformos-gatsby-theme-platformos-docskit-src-templates-docs-js-content-file-path-docs-02-user-guide-02-custom-components-mdx-de8387765722703e8e03.js"],"component---node-modules-platformos-gatsby-theme-platformos-docskit-src-templates-docs-js-content-file-path-docs-02-user-guide-03-navigation-mdx":["styles.4d4a525f0f6be0e64967.css","commons-b55fe99e22626d8f7d1a.js","14c63505582dfa362a5540ff7404acb294e433af-63501a3a09f3971710ef.js","63dd015b4250c38b339ae2262960845bc5c0686c-31653322a00de97fdcef.js","component---node-modules-platformos-gatsby-theme-platformos-docskit-src-templates-docs-js-content-file-path-docs-02-user-guide-03-navigation-mdx-efffd66887320b1479ef.js"],"component---node-modules-platformos-gatsby-theme-platformos-docskit-src-templates-docs-js-content-file-path-docs-02-user-guide-04-theming-mdx":["styles.4d4a525f0f6be0e64967.css","commons-b55fe99e22626d8f7d1a.js","14c63505582dfa362a5540ff7404acb294e433af-63501a3a09f3971710ef.js","63dd015b4250c38b339ae2262960845bc5c0686c-31653322a00de97fdcef.js","component---node-modules-platformos-gatsby-theme-platformos-docskit-src-templates-docs-js-content-file-path-docs-02-user-guide-04-theming-mdx-d35c0a2ec1b316133c26.js"],"component---node-modules-platformos-gatsby-theme-platformos-docskit-src-templates-docs-js-content-file-path-docs-02-user-guide-mdx":["styles.4d4a525f0f6be0e64967.css","commons-b55fe99e22626d8f7d1a.js","14c63505582dfa362a5540ff7404acb294e433af-63501a3a09f3971710ef.js","63dd015b4250c38b339ae2262960845bc5c0686c-31653322a00de97fdcef.js","component---node-modules-platformos-gatsby-theme-platformos-docskit-src-templates-docs-js-content-file-path-docs-02-user-guide-mdx-5abcd9445874010b10b0.js"],"component---node-modules-platformos-gatsby-theme-platformos-docskit-src-templates-docs-js-content-file-path-docs-03-resources-02-templates-03-task-topic-mdx":["styles.4d4a525f0f6be0e64967.css","commons-b55fe99e22626d8f7d1a.js","14c63505582dfa362a5540ff7404acb294e433af-63501a3a09f3971710ef.js","63dd015b4250c38b339ae2262960845bc5c0686c-31653322a00de97fdcef.js","component---node-modules-platformos-gatsby-theme-platformos-docskit-src-templates-docs-js-content-file-path-docs-03-resources-02-templates-03-task-topic-mdx-0f0fa0206c07d114093c.js"],"component---node-modules-platformos-gatsby-theme-platformos-docskit-src-templates-docs-js-content-file-path-docs-03-resources-02-templates-04-concept-topic-mdx":["styles.4d4a525f0f6be0e64967.css","commons-b55fe99e22626d8f7d1a.js","14c63505582dfa362a5540ff7404acb294e433af-63501a3a09f3971710ef.js","63dd015b4250c38b339ae2262960845bc5c0686c-31653322a00de97fdcef.js","component---node-modules-platformos-gatsby-theme-platformos-docskit-src-templates-docs-js-content-file-path-docs-03-resources-02-templates-04-concept-topic-mdx-a11a22149270cb53c16c.js"],"component---node-modules-platformos-gatsby-theme-platformos-docskit-src-templates-docs-js-content-file-path-docs-03-resources-02-templates-05-reference-topic-mdx":["styles.4d4a525f0f6be0e64967.css","commons-b55fe99e22626d8f7d1a.js","14c63505582dfa362a5540ff7404acb294e433af-63501a3a09f3971710ef.js","63dd015b4250c38b339ae2262960845bc5c0686c-31653322a00de97fdcef.js","component---node-modules-platformos-gatsby-theme-platformos-docskit-src-templates-docs-js-content-file-path-docs-03-resources-02-templates-05-reference-topic-mdx-fcd0001ebd1306e4548a.js"],"component---node-modules-platformos-gatsby-theme-platformos-docskit-src-templates-docs-js-content-file-path-docs-03-resources-02-templates-06-release-note-mdx":["styles.4d4a525f0f6be0e64967.css","commons-b55fe99e22626d8f7d1a.js","14c63505582dfa362a5540ff7404acb294e433af-63501a3a09f3971710ef.js","63dd015b4250c38b339ae2262960845bc5c0686c-31653322a00de97fdcef.js","component---node-modules-platformos-gatsby-theme-platformos-docskit-src-templates-docs-js-content-file-path-docs-03-resources-02-templates-06-release-note-mdx-90160cae68695b6efc8f.js"],"component---node-modules-platformos-gatsby-theme-platformos-docskit-src-templates-docs-js-content-file-path-docs-03-resources-02-templates-mdx":["styles.4d4a525f0f6be0e64967.css","commons-b55fe99e22626d8f7d1a.js","14c63505582dfa362a5540ff7404acb294e433af-63501a3a09f3971710ef.js","63dd015b4250c38b339ae2262960845bc5c0686c-31653322a00de97fdcef.js","component---node-modules-platformos-gatsby-theme-platformos-docskit-src-templates-docs-js-content-file-path-docs-03-resources-02-templates-mdx-6b4e2955fec5935c2f75.js"],"component---node-modules-platformos-gatsby-theme-platformos-docskit-src-templates-docs-js-content-file-path-docs-03-resources-mdx":["styles.4d4a525f0f6be0e64967.css","commons-b55fe99e22626d8f7d1a.js","14c63505582dfa362a5540ff7404acb294e433af-63501a3a09f3971710ef.js","63dd015b4250c38b339ae2262960845bc5c0686c-31653322a00de97fdcef.js","component---node-modules-platformos-gatsby-theme-platformos-docskit-src-templates-docs-js-content-file-path-docs-03-resources-mdx-49dca49ab4d7f21ef463.js"],"component---node-modules-platformos-gatsby-theme-platformos-docskit-src-templates-docs-js-content-file-path-docs-04-pricing-mdx":["styles.4d4a525f0f6be0e64967.css","commons-b55fe99e22626d8f7d1a.js","14c63505582dfa362a5540ff7404acb294e433af-63501a3a09f3971710ef.js","63dd015b4250c38b339ae2262960845bc5c0686c-31653322a00de97fdcef.js","component---node-modules-platformos-gatsby-theme-platformos-docskit-src-templates-docs-js-content-file-path-docs-04-pricing-mdx-63ee508bf01aa25f4492.js"],"component---node-modules-platformos-gatsby-theme-platformos-docskit-src-templates-docs-js-content-file-path-docs-05-contact-mdx":["styles.4d4a525f0f6be0e64967.css","commons-b55fe99e22626d8f7d1a.js","14c63505582dfa362a5540ff7404acb294e433af-63501a3a09f3971710ef.js","63dd015b4250c38b339ae2262960845bc5c0686c-31653322a00de97fdcef.js","component---node-modules-platformos-gatsby-theme-platformos-docskit-src-templates-docs-js-content-file-path-docs-05-contact-mdx-28c0c53579392bb97a39.js"],"component---node-modules-platformos-gatsby-theme-platformos-docskit-src-templates-docs-js-content-file-path-docs-index-mdx":["styles.4d4a525f0f6be0e64967.css","commons-b55fe99e22626d8f7d1a.js","14c63505582dfa362a5540ff7404acb294e433af-63501a3a09f3971710ef.js","63dd015b4250c38b339ae2262960845bc5c0686c-31653322a00de97fdcef.js","component---node-modules-platformos-gatsby-theme-platformos-docskit-src-templates-docs-js-content-file-path-docs-index-mdx-686b3223e60296e7ba4f.js"],"component---src-pages-license-js":["styles.4d4a525f0f6be0e64967.css","commons-b55fe99e22626d8f7d1a.js","14c63505582dfa362a5540ff7404acb294e433af-63501a3a09f3971710ef.js","component---src-pages-license-js-2e7381cb0b4e5a387bfa.js"],"component---src-pages-search-js":["styles.4d4a525f0f6be0e64967.css","commons-b55fe99e22626d8f7d1a.js","14c63505582dfa362a5540ff7404acb294e433af-63501a3a09f3971710ef.js","component---src-pages-search-js-18320bf6f21fa501ec7d.js"]},"childAssetsByChunkName":{}}